iteration;recall_error
0;0.174598130841116
1;0.110192952368961
2;0.0807222751118653
3;0.0647017827952851
4;0.0550851110728522
5;0.0462513281745697
6;0.0392029223245878
7;0.0322959113553223
8;0.0261324433469814
9;0.0210974948255605
10;0.0143776405642723
11;0.00955749385839042
